[{"model": "api.unit", "pk": 1, "fields": {"unit": "mm"}}, {"model": "api.unit", "pk": 2, "fields": {"unit": "inch"}}, {"model": "api.unit", "pk": 3, "fields": {"unit": "M"}}, {"model": "api.basicmetarialstandard", "pk": 1, "fields": {"basic_metarial": "HDPE-STANDARD", "code": "1"}}, {"model": "api.basicmetarialstandard", "pk": 2, "fields": {"basic_metarial": "PVC-STANDARD", "code": "2"}}, {"model": "api.basicmetarialstandard", "pk": 3, "fields": {"basic_metarial": "HDPE-COMMERCIAL", "code": "3"}}, {"model": "api.basicmetarialstandard", "pk": 4, "fields": {"basic_metarial": "PVC-COMMERCIAL", "code": "4"}}, {"model": "api.basicmetarialstandard", "pk": 5, "fields": {"basic_metarial": "PPR-STANDARD", "code": "5"}}, {"model": "api.basicmetarialstandard", "pk": 6, "fields": {"basic_metarial": "PPR-COMMERCIAL", "code": "6"}}, {"model": "api.standardtypeclassification", "pk": 1, "fields": {"basic_metarial": 1, "standard_type_classification": "BIS 4984", "code": "1"}}, {"model": "api.standardtypeclassification", "pk": 2, "fields": {"basic_metarial": 1, "standard_type_classification": "BIS 1451", "code": "2"}}, {"model": "api.standardtypeclassification", "pk": 3, "fields": {"basic_metarial": 2, "standard_type_classification": "BIS 4985", "code": "3"}}, {"model": "api.standardtypeclassification", "pk": 4, "fields": {"basic_metarial": 2, "standard_type_classification": "BIS 13592", "code": "4"}}, {"model": "api.standardtypeclassification", "pk": 5, "fields": {"basic_metarial": 2, "standard_type_classification": "BIS 15778", "code": "5"}}, {"model": "api.standardtypeclassification", "pk": 6, "fields": {"basic_metarial": 2, "standard_type_classification": "BIS 1785", "code": "6"}}, {"model": "api.standardtypeclassification", "pk": 7, "fields": {"basic_metarial": 2, "standard_type_classification": "BIS 12818", "code": "7"}}, {"model": "api.standardtypeclassification", "pk": 10, "fields": {"basic_metarial": 2, "standard_type_classification": "NA", "code": "0"}}, {"model": "api.standardtypeclassification", "pk": 11, "fields": {"basic_metarial": 5, "standard_type_classification": "NA.", "code": "0"}}, {"model": "api.pressuretypespecification", "pk": 1, "fields": {"basic_metarial": 2, "standard_type_classification": 3, "pressure_type_specification": "Class 1", "code": "1"}}, {"model": "api.pressuretypespecification", "pk": 2, "fields": {"basic_metarial": 2, "standard_type_classification": 3, "pressure_type_specification": "Class 2", "code": "2"}}, {"model": "api.pressuretypespecification", "pk": 3, "fields": {"basic_metarial": 2, "standard_type_classification": 3, "pressure_type_specification": "Class 3", "code": "3"}}, {"model": "api.pressuretypespecification", "pk": 4, "fields": {"basic_metarial": 2, "standard_type_classification": 3, "pressure_type_specification": "Class 4", "code": "4"}}, {"model": "api.pressuretypespecification", "pk": 5, "fields": {"basic_metarial": 2, "standard_type_classification": 3, "pressure_type_specification": "Class 5", "code": "5"}}, {"model": "api.pressuretypespecification", "pk": 6, "fields": {"basic_metarial": 2, "standard_type_classification": 3, "pressure_type_specification": "Class 6", "code": "6"}}, {"model": "api.pressuretypespecification", "pk": 7, "fields": {"basic_metarial": 2, "standard_type_classification": 4, "pressure_type_specification": "Type A", "code": "1"}}, {"model": "api.pressuretypespecification", "pk": 8, "fields": {"basic_metarial": 2, "standard_type_classification": 4, "pressure_type_specification": "Type B", "code": "2"}}, {"model": "api.pressuretypespecification", "pk": 9, "fields": {"basic_metarial": 2, "standard_type_classification": 5, "pressure_type_specification": "SDR 11", "code": "1"}}, {"model": "api.pressuretypespecification", "pk": 10, "fields": {"basic_metarial": 2, "standard_type_classification": 5, "pressure_type_specification": "SDR 13.5", "code": "2"}}, {"model": "api.pressuretypespecification", "pk": 11, "fields": {"basic_metarial": 2, "standard_type_classification": 5, "pressure_type_specification": "SDR 17", "code": "3"}}, {"model": "api.pressuretypespecification", "pk": 12, "fields": {"basic_metarial": 2, "standard_type_classification": 6, "pressure_type_specification": "Schedule 40", "code": "1"}}, {"model": "api.pressuretypespecification", "pk": 13, "fields": {"basic_metarial": 2, "standard_type_classification": 6, "pressure_type_specification": "Schedule 80", "code": "2"}}, {"model": "api.pressuretypespecification", "pk": 14, "fields": {"basic_metarial": 2, "standard_type_classification": 6, "pressure_type_specification": "Schedule 120", "code": "3"}}, {"model": "api.pressuretypespecification", "pk": 15, "fields": {"basic_metarial": 2, "standard_type_classification": 7, "pressure_type_specification": "Type RMS", "code": "1"}}, {"model": "api.pressuretypespecification", "pk": 16, "fields": {"basic_metarial": 2, "standard_type_classification": 7, "pressure_type_specification": "Type RDS", "code": "2"}}, {"model": "api.pressuretypespecification", "pk": 17, "fields": {"basic_metarial": 2, "standard_type_classification": 7, "pressure_type_specification": "Type PMS", "code": "3"}}, {"model": "api.pressuretypespecification", "pk": 18, "fields": {"basic_metarial": 2, "standard_type_classification": 7, "pressure_type_specification": "Type PDS", "code": "4"}}, {"model": "api.pressuretypespecification", "pk": 51, "fields": {"basic_metarial": 2, "standard_type_classification": 10, "pressure_type_specification": "NORMAL", "code": "1"}}, {"model": "api.pressuretypespecification", "pk": 52, "fields": {"basic_metarial": 2, "standard_type_classification": 10, "pressure_type_specification": "NORMAL+", "code": "2"}}, {"model": "api.pressuretypespecification", "pk": 53, "fields": {"basic_metarial": 2, "standard_type_classification": 10, "pressure_type_specification": "PN2.5", "code": "3"}}, {"model": "api.pressuretypespecification", "pk": 54, "fields": {"basic_metarial": 2, "standard_type_classification": 10, "pressure_type_specification": "PN4", "code": "4"}}, {"model": "api.pressuretypespecification", "pk": 55, "fields": {"basic_metarial": 2, "standard_type_classification": 10, "pressure_type_specification": "PN6", "code": "5"}}, {"model": "api.pressuretypespecification", "pk": 56, "fields": {"basic_metarial": 2, "standard_type_classification": 10, "pressure_type_specification": "PN8", "code": "6"}}, {"model": "api.pressuretypespecification", "pk": 57, "fields": {"basic_metarial": 2, "standard_type_classification": 10, "pressure_type_specification": "PN10", "code": "7"}}, {"model": "api.pressuretypespecification", "pk": 58, "fields": {"basic_metarial": 2, "standard_type_classification": 10, "pressure_type_specification": "PN12.5", "code": "8"}}, {"model": "api.pressuretypespecification", "pk": 59, "fields": {"basic_metarial": 2, "standard_type_classification": 10, "pressure_type_specification": "PN16", "code": "9"}}, {"model": "api.pressuretypespecification", "pk": 60, "fields": {"basic_metarial": 2, "standard_type_classification": 10, "pressure_type_specification": "PN20", "code": "10"}}, {"model": "api.pressuretypespecification", "pk": 61, "fields": {"basic_metarial": 2, "standard_type_classification": 10, "pressure_type_specification": "PN25", "code": "11"}}, {"model": "api.pressuretypespecification", "pk": 62, "fields": {"basic_metarial": 5, "standard_type_classification": 11, "pressure_type_specification": "NORMAL", "code": "1"}}, {"model": "api.pressuretypespecification", "pk": 63, "fields": {"basic_metarial": 5, "standard_type_classification": 11, "pressure_type_specification": "NORMAL+", "code": "2"}}, {"model": "api.pressuretypespecification", "pk": 64, "fields": {"basic_metarial": 5, "standard_type_classification": 11, "pressure_type_specification": "PN2.5", "code": "3"}}, {"model": "api.pressuretypespecification", "pk": 65, "fields": {"basic_metarial": 5, "standard_type_classification": 11, "pressure_type_specification": "PN4", "code": "4"}}, {"model": "api.pressuretypespecification", "pk": 66, "fields": {"basic_metarial": 5, "standard_type_classification": 11, "pressure_type_specification": "PN6", "code": "5"}}, {"model": "api.pressuretypespecification", "pk": 67, "fields": {"basic_metarial": 5, "standard_type_classification": 11, "pressure_type_specification": "PN8", "code": "6"}}, {"model": "api.pressuretypespecification", "pk": 68, "fields": {"basic_metarial": 5, "standard_type_classification": 11, "pressure_type_specification": "PN10", "code": "7"}}, {"model": "api.pressuretypespecification", "pk": 69, "fields": {"basic_metarial": 5, "standard_type_classification": 11, "pressure_type_specification": "PN12.5", "code": "8"}}, {"model": "api.pressuretypespecification", "pk": 70, "fields": {"basic_metarial": 5, "standard_type_classification": 11, "pressure_type_specification": "PN16", "code": "9"}}, {"model": "api.pressuretypespecification", "pk": 71, "fields": {"basic_metarial": 5, "standard_type_classification": 11, "pressure_type_specification": "PN20", "code": "10"}}, {"model": "api.pressuretypespecification", "pk": 72, "fields": {"basic_metarial": 5, "standard_type_classification": 11, "pressure_type_specification": "PN25", "code": "11"}}, {"model": "api.pressuretypespecification", "pk": 73, "fields": {"basic_metarial": 2, "standard_type_classification": 10, "pressure_type_specification": "SOCKET", "code": "12"}}, {"model": "api.pressuretypespecification", "pk": 74, "fields": {"basic_metarial": 2, "standard_type_classification": 10, "pressure_type_specification": "SOLID", "code": "13"}}, {"model": "api.pressuretypespecification", "pk": 75, "fields": {"basic_metarial": 2, "standard_type_classification": 10, "pressure_type_specification": "FOAM", "code": "14"}}, {"model": "api.pressuretypespecification", "pk": 76, "fields": {"basic_metarial": 2, "standard_type_classification": 10, "pressure_type_specification": "100Kpa", "code": "15"}}, {"model": "api.pressuretypespecification", "pk": 77, "fields": {"basic_metarial": 2, "standard_type_classification": 10, "pressure_type_specification": "100KpaS", "code": "16"}}, {"model": "api.pressuretypespecification", "pk": 78, "fields": {"basic_metarial": 2, "standard_type_classification": 10, "pressure_type_specification": "200Kpa", "code": "17"}}, {"model": "api.pressuretypespecification", "pk": 79, "fields": {"basic_metarial": 2, "standard_type_classification": 10, "pressure_type_specification": "200KpaS", "code": "18"}}, {"model": "api.pressuretypespecification", "pk": 81, "fields": {"basic_metarial": 2, "standard_type_classification": 10, "pressure_type_specification": "400KpaS", "code": "20"}}, {"model": "api.pressuretypespecification", "pk": 82, "fields": {"basic_metarial": 2, "standard_type_classification": 10, "pressure_type_specification": "NonSans", "code": "21"}}, {"model": "api.pressuretypespecification", "pk": 83, "fields": {"basic_metarial": 2, "standard_type_classification": 10, "pressure_type_specification": "400Kpa", "code": "19"}}, {"model": "api.pipeouterdiameter", "pk": 1, "fields": {"standard_type_classification": 3, "unit": 1, "outer_diameter": "20", "code": "1"}}, {"model": "api.pipeouterdiameter", "pk": 2, "fields": {"standard_type_classification": 4, "unit": 1, "outer_diameter": "160", "code": "12"}}, {"model": "api.pipeouterdiameter", "pk": 3, "fields": {"standard_type_classification": 4, "unit": 1, "outer_diameter": "110", "code": "9"}}, {"model": "api.pipeouterdiameter", "pk": 4, "fields": {"standard_type_classification": 4, "unit": 1, "outer_diameter": "20", "code": "1"}}, {"model": "api.pipeouterdiameter", "pk": 5, "fields": {"standard_type_classification": 4, "unit": 1, "outer_diameter": "25", "code": "2"}}, {"model": "api.pipeouterdiameter", "pk": 6, "fields": {"standard_type_classification": 4, "unit": 1, "outer_diameter": "32", "code": "3"}}, {"model": "api.pipeouterdiameter", "pk": 7, "fields": {"standard_type_classification": 4, "unit": 1, "outer_diameter": "40", "code": "4"}}, {"model": "api.pipeouterdiameter", "pk": 8, "fields": {"standard_type_classification": 4, "unit": 1, "outer_diameter": "40", "code": "4"}}, {"model": "api.pipeouterdiameter", "pk": 9, "fields": {"standard_type_classification": 4, "unit": 1, "outer_diameter": "50", "code": "5"}}, {"model": "api.pipeouterdiameter", "pk": 10, "fields": {"standard_type_classification": 4, "unit": 1, "outer_diameter": "63", "code": "6"}}, {"model": "api.pipeouterdiameter", "pk": 11, "fields": {"standard_type_classification": 4, "unit": 1, "outer_diameter": "75", "code": "7"}}, {"model": "api.pipeouterdiameter", "pk": 12, "fields": {"standard_type_classification": 4, "unit": 1, "outer_diameter": "90", "code": "8"}}, {"model": "api.pipeouterdiameter", "pk": 13, "fields": {"standard_type_classification": 4, "unit": 1, "outer_diameter": "110", "code": "9"}}, {"model": "api.pipeouterdiameter", "pk": 14, "fields": {"standard_type_classification": 4, "unit": 1, "outer_diameter": "125", "code": "10"}}, {"model": "api.pipeouterdiameter", "pk": 15, "fields": {"standard_type_classification": 4, "unit": 1, "outer_diameter": "140", "code": "11"}}, {"model": "api.pipeouterdiameter", "pk": 16, "fields": {"standard_type_classification": 4, "unit": 1, "outer_diameter": "140", "code": "11"}}, {"model": "api.pipeouterdiameter", "pk": 17, "fields": {"standard_type_classification": 4, "unit": 1, "outer_diameter": "160", "code": "12"}}, {"model": "api.pipeouterdiameter", "pk": 18, "fields": {"standard_type_classification": 4, "unit": 1, "outer_diameter": "180", "code": "13"}}, {"model": "api.pipeouterdiameter", "pk": 19, "fields": {"standard_type_classification": 4, "unit": 1, "outer_diameter": "200", "code": "14"}}, {"model": "api.pipeouterdiameter", "pk": 20, "fields": {"standard_type_classification": 4, "unit": 1, "outer_diameter": "225", "code": "15"}}, {"model": "api.pipeouterdiameter", "pk": 21, "fields": {"standard_type_classification": 4, "unit": 1, "outer_diameter": "225", "code": "16"}}, {"model": "api.pipeouterdiameter", "pk": 22, "fields": {"standard_type_classification": 1, "unit": 1, "outer_diameter": "25", "code": "2"}}, {"model": "api.pipeouterdiameter", "pk": 23, "fields": {"standard_type_classification": 1, "unit": 1, "outer_diameter": "32", "code": "3"}}, {"model": "api.pipeouterdiameter", "pk": 24, "fields": {"standard_type_classification": 1, "unit": 1, "outer_diameter": "40", "code": "4"}}, {"model": "api.pipeouterdiameter", "pk": 25, "fields": {"standard_type_classification": 1, "unit": 1, "outer_diameter": "50", "code": "5"}}, {"model": "api.pipeouterdiameter", "pk": 26, "fields": {"standard_type_classification": 1, "unit": 1, "outer_diameter": "63", "code": "6"}}, {"model": "api.pipeouterdiameter", "pk": 27, "fields": {"standard_type_classification": 1, "unit": 1, "outer_diameter": "75", "code": "7"}}, {"model": "api.pipeouterdiameter", "pk": 28, "fields": {"standard_type_classification": 1, "unit": 1, "outer_diameter": "90", "code": "8"}}, {"model": "api.pipeouterdiameter", "pk": 29, "fields": {"standard_type_classification": 1, "unit": 1, "outer_diameter": "110", "code": "9"}}, {"model": "api.pipeouterdiameter", "pk": 30, "fields": {"standard_type_classification": 3, "unit": 1, "outer_diameter": "125", "code": "10"}}, {"model": "api.pipeouterdiameter", "pk": 31, "fields": {"standard_type_classification": 3, "unit": 1, "outer_diameter": "140", "code": "11"}}, {"model": "api.pipeouterdiameter", "pk": 32, "fields": {"standard_type_classification": 3, "unit": 1, "outer_diameter": "160", "code": "12"}}, {"model": "api.pipeouterdiameter", "pk": 33, "fields": {"standard_type_classification": 3, "unit": 1, "outer_diameter": "180", "code": "13"}}, {"model": "api.pipeouterdiameter", "pk": 34, "fields": {"standard_type_classification": 3, "unit": 1, "outer_diameter": "200", "code": "14"}}, {"model": "api.pipeouterdiameter", "pk": 35, "fields": {"standard_type_classification": 3, "unit": 1, "outer_diameter": "225", "code": "15"}}, {"model": "api.pipeouterdiameter", "pk": 36, "fields": {"standard_type_classification": 3, "unit": 1, "outer_diameter": "225", "code": "15"}}, {"model": "api.pipeouterdiameter", "pk": 37, "fields": {"standard_type_classification": 3, "unit": 1, "outer_diameter": "250", "code": "16"}}, {"model": "api.pipeouterdiameter", "pk": 38, "fields": {"standard_type_classification": 5, "unit": 1, "outer_diameter": "20", "code": "1"}}, {"model": "api.pipeouterdiameter", "pk": 39, "fields": {"standard_type_classification": 5, "unit": 1, "outer_diameter": "25", "code": "2"}}, {"model": "api.pipeouterdiameter", "pk": 40, "fields": {"standard_type_classification": 5, "unit": 1, "outer_diameter": "32", "code": "3"}}, {"model": "api.pipeouterdiameter", "pk": 41, "fields": {"standard_type_classification": 5, "unit": 1, "outer_diameter": "40", "code": "4"}}, {"model": "api.pipeouterdiameter", "pk": 42, "fields": {"standard_type_classification": 5, "unit": 1, "outer_diameter": "50", "code": "5"}}, {"model": "api.pipeouterdiameter", "pk": 43, "fields": {"standard_type_classification": 5, "unit": 1, "outer_diameter": "63", "code": "6"}}, {"model": "api.pipeouterdiameter", "pk": 44, "fields": {"standard_type_classification": 5, "unit": 1, "outer_diameter": "75", "code": "7"}}, {"model": "api.pipeouterdiameter", "pk": 45, "fields": {"standard_type_classification": 5, "unit": 1, "outer_diameter": "90", "code": "8"}}, {"model": "api.pipeouterdiameter", "pk": 46, "fields": {"standard_type_classification": 5, "unit": 1, "outer_diameter": "110", "code": "9"}}, {"model": "api.pipeouterdiameter", "pk": 47, "fields": {"standard_type_classification": 5, "unit": 1, "outer_diameter": "125", "code": "10"}}, {"model": "api.pipeouterdiameter", "pk": 48, "fields": {"standard_type_classification": 5, "unit": 1, "outer_diameter": "140", "code": "11"}}, {"model": "api.pipeouterdiameter", "pk": 49, "fields": {"standard_type_classification": 5, "unit": 1, "outer_diameter": "160", "code": "12"}}, {"model": "api.pipeouterdiameter", "pk": 50, "fields": {"standard_type_classification": 5, "unit": 1, "outer_diameter": "180", "code": "13"}}, {"model": "api.pipeouterdiameter", "pk": 51, "fields": {"standard_type_classification": 5, "unit": 1, "outer_diameter": "200", "code": "14"}}, {"model": "api.pipeouterdiameter", "pk": 52, "fields": {"standard_type_classification": 5, "unit": 1, "outer_diameter": "225", "code": "15"}}, {"model": "api.pipeouterdiameter", "pk": 53, "fields": {"standard_type_classification": 5, "unit": 1, "outer_diameter": "225", "code": "15"}}, {"model": "api.pipeouterdiameter", "pk": 54, "fields": {"standard_type_classification": 5, "unit": 1, "outer_diameter": "250", "code": "16"}}, {"model": "api.pipeouterdiameter", "pk": 55, "fields": {"standard_type_classification": 4, "unit": 1, "outer_diameter": "250", "code": "16"}}, {"model": "api.pipeouterdiameter", "pk": 56, "fields": {"standard_type_classification": 3, "unit": 1, "outer_diameter": "20", "code": "1"}}, {"model": "api.pipeouterdiameter", "pk": 57, "fields": {"standard_type_classification": 3, "unit": 1, "outer_diameter": "25", "code": "2"}}, {"model": "api.pipeouterdiameter", "pk": 58, "fields": {"standard_type_classification": 3, "unit": 1, "outer_diameter": "32", "code": "3"}}, {"model": "api.pipeouterdiameter", "pk": 59, "fields": {"standard_type_classification": 3, "unit": 1, "outer_diameter": "40", "code": "4"}}, {"model": "api.pipeouterdiameter", "pk": 60, "fields": {"standard_type_classification": 3, "unit": 1, "outer_diameter": "50", "code": "5"}}, {"model": "api.pipeouterdiameter", "pk": 61, "fields": {"standard_type_classification": 3, "unit": 1, "outer_diameter": "63", "code": "6"}}, {"model": "api.pipeouterdiameter", "pk": 62, "fields": {"standard_type_classification": 3, "unit": 1, "outer_diameter": "75", "code": "7"}}, {"model": "api.pipeouterdiameter", "pk": 63, "fields": {"standard_type_classification": 3, "unit": 1, "outer_diameter": "90", "code": "8"}}, {"model": "api.pipeouterdiameter", "pk": 64, "fields": {"standard_type_classification": 3, "unit": 1, "outer_diameter": "110", "code": "9"}}, {"model": "api.pipeouterdiameter", "pk": 65, "fields": {"standard_type_classification": 5, "unit": 1, "outer_diameter": "250", "code": "16"}}, {"model": "api.pipeouterdiameter", "pk": 66, "fields": {"standard_type_classification": 6, "unit": 2, "outer_diameter": "0.75", "code": "1"}}, {"model": "api.pipeouterdiameter", "pk": 67, "fields": {"standard_type_classification": 6, "unit": 2, "outer_diameter": "1.00", "code": "2"}}, {"model": "api.pipeouterdiameter", "pk": 68, "fields": {"standard_type_classification": 6, "unit": 2, "outer_diameter": "1.25", "code": "3"}}, {"model": "api.pipeouterdiameter", "pk": 69, "fields": {"standard_type_classification": 6, "unit": 2, "outer_diameter": "1.50", "code": "4"}}, {"model": "api.pipeouterdiameter", "pk": 70, "fields": {"standard_type_classification": 6, "unit": 2, "outer_diameter": "2.00", "code": "5"}}, {"model": "api.pipeouterdiameter", "pk": 71, "fields": {"standard_type_classification": 6, "unit": 2, "outer_diameter": "2.50", "code": "6"}}, {"model": "api.pipeouterdiameter", "pk": 72, "fields": {"standard_type_classification": 6, "unit": 2, "outer_diameter": "3.00", "code": "7"}}, {"model": "api.pipeouterdiameter", "pk": 73, "fields": {"standard_type_classification": 6, "unit": 2, "outer_diameter": "4.00", "code": "8"}}, {"model": "api.pipeouterdiameter", "pk": 74, "fields": {"standard_type_classification": 6, "unit": 2, "outer_diameter": "5.00", "code": "9"}}, {"model": "api.pipeouterdiameter", "pk": 128, "fields": {"standard_type_classification": 10, "unit": 1, "outer_diameter": "16", "code": "1"}}, {"model": "api.pipeouterdiameter", "pk": 129, "fields": {"standard_type_classification": 10, "unit": 1, "outer_diameter": "20", "code": "2"}}, {"model": "api.pipeouterdiameter", "pk": 130, "fields": {"standard_type_classification": 10, "unit": 1, "outer_diameter": "25", "code": "3"}}, {"model": "api.pipeouterdiameter", "pk": 131, "fields": {"standard_type_classification": 10, "unit": 1, "outer_diameter": "32", "code": "4"}}, {"model": "api.pipeouterdiameter", "pk": 132, "fields": {"standard_type_classification": 10, "unit": 1, "outer_diameter": "40", "code": "5"}}, {"model": "api.pipeouterdiameter", "pk": 133, "fields": {"standard_type_classification": 10, "unit": 1, "outer_diameter": "50", "code": "6"}}, {"model": "api.pipeouterdiameter", "pk": 134, "fields": {"standard_type_classification": 10, "unit": 1, "outer_diameter": "63", "code": "7"}}, {"model": "api.pipeouterdiameter", "pk": 135, "fields": {"standard_type_classification": 10, "unit": 1, "outer_diameter": "75", "code": "8"}}, {"model": "api.pipeouterdiameter", "pk": 136, "fields": {"standard_type_classification": 10, "unit": 1, "outer_diameter": "88", "code": "9"}}, {"model": "api.pipeouterdiameter", "pk": 137, "fields": {"standard_type_classification": 10, "unit": 1, "outer_diameter": "90", "code": "10"}}, {"model": "api.pipeouterdiameter", "pk": 138, "fields": {"standard_type_classification": 10, "unit": 1, "outer_diameter": "110", "code": "11"}}, {"model": "api.pipeouterdiameter", "pk": 139, "fields": {"standard_type_classification": 10, "unit": 1, "outer_diameter": "125", "code": "12"}}, {"model": "api.pipeouterdiameter", "pk": 140, "fields": {"standard_type_classification": 10, "unit": 1, "outer_diameter": "140", "code": "13"}}, {"model": "api.pipeouterdiameter", "pk": 141, "fields": {"standard_type_classification": 10, "unit": 1, "outer_diameter": "160", "code": "14"}}, {"model": "api.pipeouterdiameter", "pk": 142, "fields": {"standard_type_classification": 10, "unit": 1, "outer_diameter": "180", "code": "15"}}, {"model": "api.pipeouterdiameter", "pk": 143, "fields": {"standard_type_classification": 10, "unit": 1, "outer_diameter": "200", "code": "16"}}, {"model": "api.pipeouterdiameter", "pk": 144, "fields": {"standard_type_classification": 10, "unit": 1, "outer_diameter": "225", "code": "17"}}, {"model": "api.pipeouterdiameter", "pk": 145, "fields": {"standard_type_classification": 10, "unit": 1, "outer_diameter": "250", "code": "18"}}, {"model": "api.pipeouterdiameter", "pk": 146, "fields": {"standard_type_classification": 11, "unit": 1, "outer_diameter": "16", "code": "1"}}, {"model": "api.pipeouterdiameter", "pk": 147, "fields": {"standard_type_classification": 11, "unit": 1, "outer_diameter": "20", "code": "2"}}, {"model": "api.pipeouterdiameter", "pk": 148, "fields": {"standard_type_classification": 11, "unit": 1, "outer_diameter": "25", "code": "3"}}, {"model": "api.pipeouterdiameter", "pk": 149, "fields": {"standard_type_classification": 11, "unit": 1, "outer_diameter": "32", "code": "4"}}, {"model": "api.pipeouterdiameter", "pk": 150, "fields": {"standard_type_classification": 11, "unit": 1, "outer_diameter": "40", "code": "5"}}, {"model": "api.pipeouterdiameter", "pk": 151, "fields": {"standard_type_classification": 11, "unit": 1, "outer_diameter": "50", "code": "6"}}, {"model": "api.pipeouterdiameter", "pk": 152, "fields": {"standard_type_classification": 11, "unit": 1, "outer_diameter": "63", "code": "7"}}, {"model": "api.pipeouterdiameter", "pk": 153, "fields": {"standard_type_classification": 11, "unit": 1, "outer_diameter": "75", "code": "8"}}, {"model": "api.pipeouterdiameter", "pk": 154, "fields": {"standard_type_classification": 11, "unit": 1, "outer_diameter": "88", "code": "9"}}, {"model": "api.pipeouterdiameter", "pk": 155, "fields": {"standard_type_classification": 11, "unit": 1, "outer_diameter": "90", "code": "10"}}, {"model": "api.pipeouterdiameter", "pk": 156, "fields": {"standard_type_classification": 11, "unit": 1, "outer_diameter": "110", "code": "11"}}, {"model": "api.pipeouterdiameter", "pk": 157, "fields": {"standard_type_classification": 11, "unit": 1, "outer_diameter": "125", "code": "12"}}, {"model": "api.pipeouterdiameter", "pk": 158, "fields": {"standard_type_classification": 11, "unit": 1, "outer_diameter": "140", "code": "13"}}, {"model": "api.pipeouterdiameter", "pk": 159, "fields": {"standard_type_classification": 11, "unit": 1, "outer_diameter": "160", "code": "14"}}, {"model": "api.pipeouterdiameter", "pk": 160, "fields": {"standard_type_classification": 11, "unit": 1, "outer_diameter": "180", "code": "15"}}, {"model": "api.pipeouterdiameter", "pk": 161, "fields": {"standard_type_classification": 11, "unit": 1, "outer_diameter": "200", "code": "16"}}, {"model": "api.pipeouterdiameter", "pk": 162, "fields": {"standard_type_classification": 11, "unit": 1, "outer_diameter": "225", "code": "17"}}, {"model": "api.pipeouterdiameter", "pk": 163, "fields": {"standard_type_classification": 11, "unit": 1, "outer_diameter": "250", "code": "18"}}, {"model": "api.pipeouterdiameter", "pk": 164, "fields": {"standard_type_classification": 10, "unit": 1, "outer_diameter": "80", "code": "19"}}, {"model": "api.pipeouterdiameter", "pk": 165, "fields": {"standard_type_classification": 6, "unit": 2, "outer_diameter": "6.00", "code": "10"}}, {"model": "api.pipeouterdiameter", "pk": 166, "fields": {"standard_type_classification": 6, "unit": 2, "outer_diameter": "8.00", "code": "11"}}, {"model": "api.pipeouterdiameter", "pk": 167, "fields": {"standard_type_classification": 6, "unit": 2, "outer_diameter": "10.00", "code": "12"}}, {"model": "api.pipelength", "pk": 1, "fields": {"standard_type_classification": 4, "unit": 3, "length": "6", "code": "6"}}, {"model": "api.pipelength", "pk": 2, "fields": {"standard_type_classification": 3, "unit": 3, "length": "6", "code": "6"}}, {"model": "api.pipelength", "pk": 3, "fields": {"standard_type_classification": 3, "unit": 3, "length": "3", "code": "3"}}, {"model": "api.pipelength", "pk": 4, "fields": {"standard_type_classification": 3, "unit": 3, "length": "5", "code": "5"}}, {"model": "api.pipelength", "pk": 5, "fields": {"standard_type_classification": 3, "unit": 3, "length": "7", "code": "7"}}, {"model": "api.pipelength", "pk": 6, "fields": {"standard_type_classification": 5, "unit": 3, "length": "6", "code": "6"}}, {"model": "api.pipelength", "pk": 7, "fields": {"standard_type_classification": 6, "unit": 3, "length": "6", "code": "6"}}, {"model": "api.pipelength", "pk": 8, "fields": {"standard_type_classification": 7, "unit": 3, "length": "6", "code": "6"}}, {"model": "api.pipelength", "pk": 9, "fields": {"standard_type_classification": 4, "unit": 3, "length": "1", "code": "1"}}, {"model": "api.pipelength", "pk": 10, "fields": {"standard_type_classification": 3, "unit": 3, "length": "2", "code": "2"}}, {"model": "api.pipelength", "pk": 11, "fields": {"standard_type_classification": 4, "unit": 3, "length": "3", "code": "3"}}, {"model": "api.pipelength", "pk": 30, "fields": {"standard_type_classification": 10, "unit": 3, "length": "1", "code": "1"}}, {"model": "api.pipelength", "pk": 31, "fields": {"standard_type_classification": 10, "unit": 3, "length": "2", "code": "2"}}, {"model": "api.pipelength", "pk": 32, "fields": {"standard_type_classification": 10, "unit": 3, "length": "3", "code": "3"}}, {"model": "api.pipelength", "pk": 33, "fields": {"standard_type_classification": 10, "unit": 3, "length": "4", "code": "4"}}, {"model": "api.pipelength", "pk": 34, "fields": {"standard_type_classification": 10, "unit": 3, "length": "5", "code": "5"}}, {"model": "api.pipelength", "pk": 35, "fields": {"standard_type_classification": 10, "unit": 3, "length": "5", "code": "5"}}, {"model": "api.pipelength", "pk": 36, "fields": {"standard_type_classification": 10, "unit": 3, "length": "6", "code": "6"}}, {"model": "api.pipelength", "pk": 37, "fields": {"standard_type_classification": 10, "unit": 3, "length": "5.85", "code": "7"}}, {"model": "api.pipelength", "pk": 38, "fields": {"standard_type_classification": 11, "unit": 3, "length": "1", "code": "1"}}, {"model": "api.pipelength", "pk": 39, "fields": {"standard_type_classification": 11, "unit": 3, "length": "2", "code": "2"}}, {"model": "api.pipelength", "pk": 40, "fields": {"standard_type_classification": 11, "unit": 3, "length": "3", "code": "3"}}, {"model": "api.pipelength", "pk": 41, "fields": {"standard_type_classification": 11, "unit": 3, "length": "4", "code": "4"}}, {"model": "api.pipelength", "pk": 42, "fields": {"standard_type_classification": 11, "unit": 3, "length": "5", "code": "5"}}, {"model": "api.pipelength", "pk": 43, "fields": {"standard_type_classification": 11, "unit": 3, "length": "6", "code": "6"}}, {"model": "api.pipelength", "pk": 44, "fields": {"standard_type_classification": 11, "unit": 3, "length": "5.85", "code": "7"}}, {"model": "api.pipelength", "pk": 47, "fields": {"standard_type_classification": 10, "unit": 3, "length": "3.2", "code": "8"}}, {"model": "api.pipelength", "pk": 48, "fields": {"standard_type_classification": 10, "unit": 3, "length": "3.5", "code": "9"}}]